﻿<speak version="1.0" xmlns="http://www.w3.org/2001/10/synthesis" xml:lang="en-US">
  <voice name="en-US-JennyNeural">
    <s>
      His name is Mike <phoneme alphabet="ups" ph="JH AU"> Zhou </phoneme>
    </s>
  </voice>
</speak>


<!--<speak version="1.0" xmlns="https://www.w3.org/2001/10/synthesis" xml:lang="en-US">
  <voice name="en-US-JennyNeural">
    <phoneme alphabet="sapi" ph="iy eh n y uw eh s"> en-US </phoneme>
  </voice>
</speak>-->

<!--<speak version="1.0" xmlns="http://www.w3.org/2001/10/synthesis" xml:lang="en-US">
  <voice name="en-US-JennyNeural">
    <phoneme alphabet="ipa" ph="təˈmeɪtoʊ"> tomato </phoneme>
  </voice>
</speak>-->

<!--<speak version="1.0" xmlns="http://www.w3.org/2001/10/synthesis" xml:lang="en-US">
  <voice name="en-US-JennyNeural">
    <p>
      <s>Introducing the sentence element.</s>
      <s>Used to mark individual sentences.</s>
    </p>
    <p>
      Another simple paragraph.
      Sentence structure in this paragraph is not explicitly marked.
    </p>
  </voice>
</speak>-->

<!--<speak version="1.0" xmlns="http://www.w3.org/2001/10/synthesis" xml:lang="en-US">
  <voice name="en-US-AriaNeural">
    --><!--<mstts:silence  type="Sentenceboundary" value="200ms"/>--><!--
    If we’re home schooling, the best we can do is roll with what each day brings and try to have fun along the way.
    A good place to start is by trying out the slew of educational apps that are helping children stay happy and smash their schooling at the same time.
  </voice>
</speak>-->


<!--<speak version="1.0" xmlns="http://www.w3.org/2001/10/synthesis" xml:lang="en-US">
  <voice name="en-US-AriaNeural">
    Welcome to Microsoft Cognitive Services <break time="100ms" /> Text-to-Speech API.
  </voice>
</speak>-->


<!--<speak version="1.0" xmlns="http://www.w3.org/2001/10/synthesis"
       xmlns:mstts="https://www.w3.org/2001/mstts" xml:lang="en-US">
  <voice name="en-US-JennyMultilingualNeural">
    I am looking forward to the exciting things.
    <lang xml:lang="es-MX">
      Estoy deseando que lleguen las cosas emocionantes.
    </lang>
    <lang xml:lang="de-DE">
      Ich freue mich auf die spannenden Dinge.
    </lang>
  </voice>
</speak>-->

<!--<speak version="1.0" xmlns="http://www.w3.org/2001/10/synthesis"
       xmlns:mstts="https://www.w3.org/2001/mstts" xml:lang="zh-CN">
  <voice name="zh-CN-XiaoxiaoNeural">
    <mstts:express-as style="sad" styledegree="2">
      快走吧，路上一定要注意安全，早去早回。
    </mstts:express-as>
  </voice>
</speak>-->

<!--<speak version='1.0' xmlns='http://www.w3.org/2001/10/synthesis' xml:lang='en-US'>
  <voice name="en-US-JennyNeural">
    Good morning!
  </voice>
  <voice name="en-US-GuyNeural">
    Good morning to you too Jenny!
  </voice>
</speak>-->